index,text,label_text,label_code,tweet_id
1,"Awesome, so you agree that a biological male deserves a voice in the abortion conversation?",Neutral to abortion rights/restrictions,0,
2,"These are the opportunistic creatures produced when will not allow birth control education or practice and has zero problem letting sperm spreaders call the rules (and the muscles) on women. Instant ""Gratificationites."" ",Neutral to abortion rights/restrictions,0,
3,RT Every young person needs to know about their sexual reproductive health and rights to enable them make informed life choices. Great thanks to our dear partners and everyone that ensures that these young people access this information and service. #SafeLoveUG #10AndBold ,Neutral to abortion rights/restrictions,0,
4,"I mean other than their racist, anti-vax rhetoric, attack on women's reproductive rights, voters' rights, anti LGBTQ rights, etc, did they do ANYTHING to benefit the American people? (3)",Neutral to abortion rights/restrictions,0,
5,It seems you missed a key sentence. This isnt about abortion but about control. @SteveSchmidtSES,Neutral to abortion rights/restrictions,0,
6,RT Anti-abortion activists gather in Paris for new round of 'March for Life' LIVE: https://t.co/mnEemz8mDK #Paris #antiabortion #MarchForLife ,review with JunMing,*,
7,"RT Members of the Wall of Vets take up the rear, creating a barrier between the Abortion-rights protesters and a group of Proud Boys during the second day of protests in Atlanta, Ga. For ",Neutral to abortion rights/restrictions,0,
8,"I am not confusing issues. I am pro-choice. Even cadavers have the right not to share their organs. I have a right to my own body. Incidentally I almost died for my baby and chose to let her live at great cost (she died anyways), but that was MY choice, & that is the whole point.",Strongly believe abortion should be legal,2,
9,"Most people that have any knowledge of science or medicine at this point are thinking.... ""most of them will die before they hit 18....stupid is as stupid does... survival of the fittest...I'm making bank baby!!..This is so much easier than abortion!!""",Neutral to abortion rights/restrictions,0,
10,"RT Enemy of The People. And as American hispanics, we support Conservative Christian Values & do not support the stol",Neutral to abortion rights/restrictions,0,
11,Worrying too much with what people do or who people are leads to atrocities even worse. (Soviet communism & European Holocaust). But you did make a great pro-life case with that second sentence. So thats pretty rad.,Strongly believe abortion should be illegal,-2,
12,"Vaush was clearly referencing laws to ban abortion and contraception (like in Mississippi), both of which he's talked about recently. Roe being overturned isn't forcing birth, the laws that states will pass are. That's a great attempt though, you almost had something that time.",review with JunMing,*,
13,"RT Today, nearly 450 Florida clinicians from across the state, spanning the spectrum of care, sent an open letter to state lawmakers with the simple message - abortion bans like #SB146 and #HB5 harm the communities we care for. ",Strongly believe abortion should be legal,2,
14,Birth control is on every corner. Quit acting like its the fifties.,Strongly believe abortion should be legal,2,
15,"Madam contraceptive pills are not drugs you can self-medicate on your own, go and see a doctor.",Neutral to abortion rights/restrictions,0,
16,"Giving a baby up for adoption is a major undertaking with lifelong consequences. To the extent there's guilt in abortion and guilt in adoption, to me it's the height of arrogance to enact laws forcing women to endure one form of guilt over another.",Strongly believe abortion should be legal,2,
17,"That mumbo jumbo is part of the current culture, not the party. Republicans spend more time on these issues as a whole anyway. They wasted a billion dollars on their failed war against gay marriage. Now it's the fake CRT, ""don't say gay"", trans athletes, abortion.",Neutral to abortion rights/restrictions,0,
18,What gave it away?! I hope yall do know Im a strong support of Roe V. Wade! ,Strongly believe abortion should be legal,2,
19,"RT Lord, give me the confidence of an overly paid, mediocre, cis, white, liberal man who has a take about abortion rights. ",Neutral to abortion rights/restrictions,0,
20,RT A Tale of Two States: Colorado and Oklahoma Pass Polar Opposite Abortion Laws and Reveal the Nations Divide on the Issue #TheBriefing ,Neutral to abortion rights/restrictions,0,
21,RT Lets ban abortion in every state so women will go on sex strikes which will lead to them not wanting abortions,Strongly believe abortion should be illegal,-2,
22,"RT Liberals Condemn Tragic Shooting as Child Sacrifice, But Support the Child Sacrifice of Abortion ",Strongly believe abortion should be illegal,-2,
23,RT A Pro-Choice Hacking Team Defaced the Texas GOP Website. So We DMd Them via @RollingStone,Neutral to abortion rights/restrictions,0,
24,Yeah just procreate more kids into poverty so they have miserable lives so you can squeeze cheap labor out of them when they're adults. Shut about abortion or adopt a kid,Slightly believe abortion should be illegal,-1,
25,Agreed. This is the blue print of the anti-abortion movement. Both anti-choice and anti-trans activism is deeply patriarchal in its insistence on controlling womens bodies.,Strongly believe abortion should be legal,2,
26,"RT Thousands took the streets on Saturday for the annual Womens March, just days before the new SCOTUS term was set to begin.",Neutral to abortion rights/restrictions,0,
27,Ton of other ppl were openly supportive that theyd call law enforcement if the so much as thought a woman was going to get an abortion too,Neutral to abortion rights/restrictions,0,
28,"RT any reason that viability outside the womb is a bad determining point for abortion? Anything less than 13 weeks is an abomination since hormones are wreaking havoc on a woman's body for those weeks, and it is not a good time to make big decisions.",Slightly believe abortion should be legal,1,
29,"You think that ridiculousness is true? Why is Roe v. Wade always on the table in US politics if church and state are separate? From a secular standpoint, access to abortion is important for basic healthcare and safety. Anything else is religion dictating laws.",Slightly believe abortion should be legal,1,
30,"Because white people run it,gays aren't allowed and they keep the non-whites far away. Pretty simple,actually. Just don't tell them abortion is legal in Russia. And guns are illegal.",Neutral to abortion rights/restrictions,0,
31,RT Texas abortion ruling is a 'disaster' for the rule of law disguised as a 'fig leaf': Laurence Tribe ,Strongly believe abortion should be legal,2,
32,Some states have reporting requirements for abortion providers which includes age of the fetus; procedure used; the patients reason for abortion; fetal heartbeat detection; the method of payment etc. The study providing the 0.39% included 2.4 million aborting women.,Neutral to abortion rights/restrictions,0,
33,"RT Liberals are so for abortion and are scared to death that Roe V. Wade will be overturned because they know if abortion is illegal, all the social programs they are pushing will collapes due to they were never suppose to be for the masses. They must control the population!",Strongly believe abortion should be illegal,-2,
34,RT The new law guarantees access to reproductive care before and after pregnancy and bans local governments from imposing their own restrictions. ,Neutral to abortion rights/restrictions,0,
35,"I agree with you on Abortion rights, Im pro choice. But you need to let people say what they want in a Democracy to encourage civil discourse. Without it one side sets the narrative and eventually becomes more and more authoritarian right or left.",Strongly believe abortion should be legal,2,
36,"RT Todays candidate3: (Ver.10) For the U.S. Senate(NV). supports: Water conservation efforts Pay raise for firefighters Boosting supply chains Womens healthcare, including abortion/mental health Keep the steady keeper of Nevada #DemVoice1 #ONEV1 #BlueDot ",Strongly believe abortion should be legal,2,
37,"Abortion clinics, schools,libraries etc you knew that right ?",Neutral to abortion rights/restrictions,0,
38,RT Donald Trump selected as Supreme Court nominees (and the Senate fast-tracked the confirmation of) judges who were hand-picked by the Federalist Society to overturn Roe v. Wade. ,Neutral to abortion rights/restrictions,0,
39,"Fetus and Baby are semantics, meaning entirely different things.And because a Dr or Nobel Prize winner says fertilization begins the development of human life does not mean they are saying at any time of z/e/f stages it is a human being or baby or that abortion is murder.",Slightly believe abortion should be legal,1,
40,"Conservatives use Parliament to sow disinformation & perform political theatre. Pretending you & your fellow anti-choice anti-vax Christian Right extremists are actually working for constituents, is laughable. ",Strongly believe abortion should be legal,2,
41,"RT Indeed. This all prevents unwanted pregnancy, and reduces abortion levels.",Slightly believe abortion should be illegal,-1,
42,"RT Senator takes issue with a state being ""pro-life"" while having the death penalty. He also points out that is demeaning to get up in front of a room full of women and mothers and explain how pregnancy and development works.",Strongly believe abortion should be legal,2,
43,RT Abortion rights activists plan protests outside of Supreme Court justiceshomes ,Strongly believe abortion should be legal,2,
44,RT BREAKING: Kentucky has effectively suspended legal abortion access in the entire state as their new law forces providers to stop offering abortions until they can meet certain requirements. Write YES if YOU support a woman's right to choose and think Kentucky should be SUED!,Strongly believe abortion should be legal,2,
45,RT Attorney General Mark Brnovich wants a judge to let him start enforcing a law prohibiting certain abortions despite a federal court ruling which found it unconstitutional. via @azcapmedia,Slightly believe abortion should be illegal,-1,
46,So you approve of killing millions of innocent humans? The vast majority of these exterminated humans are only guilty of being an inconvenience. If you are pro-abortion you are an evil person.,Strongly believe abortion should be illegal,-2,
47,RT The soul of America? What total hypocrisy! You supported the destruction of America.your administration raised bail money for the criminals.Democrats KILLED the soul of America! GOD Doesnt support abortion! GFY ,Strongly believe abortion should be illegal,-2,
48,"RT Want to reduce abortions without stripping human rights? - Pay a living wage - Give women equal pay - Educate - Make birth control accessible & affordable If you're not fighting for any of these, all you want is to control women. You know it, we know it, & f u for it. #MyRights ",Strongly believe abortion should be legal,2,
49,"Im not engaging in whataboutism to dismiss the law here. My point is that its hypocritical to scream about peaceful protests regarding abortion while equally illegal violent protests and threats about COVID were excused - no, ENCOURAGED - by the same people barely 2 years ago.",Neutral to abortion rights/restrictions,0,
50,RT Great piece about the history of medication abortion and all the regulations surrounding it. ,Neutral to abortion rights/restrictions,0,
51,"Abortion is not illegal in Texas , you can have one up to the time of a heartbeat ... thats 2 months , pregnancy test are much cheaper than covid test, if you miss your period, spend the 12 bucks. you just look evil to scream about this law. true story",Strongly believe abortion should be illegal,-2,
52,RT Access to medication abortion is an integral part of reproductive freedom! #AbortionIsEssential,Strongly believe abortion should be legal,2,
53,RT El Salvador has some of the strictest abortion laws in the world. Teodora Vasquez was sentenced to 30 years in prison for aggravated homicide after she was accused of having an abortion. Watch how she fought to prove her innocence: ,Neutral to abortion rights/restrictions,0,
54,RT Abortion may carry the same trauma and grief as miscarriage for many men and women. Loss is painful. Healing is possible.,Neutral to abortion rights/restrictions,0,
55,They hope a domino effect will happen to shittier countries as unstable as the States can implement their own anti-abortion laws.,Strongly believe abortion should be legal,2,
56,"RT On the first day of session, threats to our reproductive freedom are being advanced in the #mnleg in the form of a Texas-style abortion ban. It is proof of the extremism of MNGOP lawmakers, proof of what they want to impose on us if given the power. We will not allow it. ",Strongly believe abortion should be legal,2,
57,RT California Gov. Newsom Suggests Texas-Like Law for Gun Control ,irrelevant or no opinion on abortion,99,
58,Miscarriage not abortion you dumb fuck. Still didn't read it. Still making excuses. It's not irrelevant it's a woman's bodily autonomy taken away you snake in the grass. I've sent links and you don't even read them. You are to dumb for me to even waste my time with. ,Strongly believe abortion should be legal,2,
59,"RT Reminder: Mexico's Supreme Court Decriminalizes Abortion Menstruating persons in Mexico didnt win this without a fight. They organized, protested and even started riots. Lets go. ",Strongly believe abortion should be legal,2,
60,"Try not to watch too much news, its depressing. They just talked about the gas shortage in UK, dont hear much about the UK. It's all abortion stuff at present & Trump running again in 2024,God help us, don't want to live through that again. Something nice, it is a baby flamingo ",Neutral to abortion rights/restrictions,0,
61,"None. Nor will the evangelicals acknowledge their hypocrisy about Israel, Trump, and abortion. Government subsidized at any gestational point. ",Neutral to abortion rights/restrictions,0,
62,"Abortion is not a crime, but it will be in Wisconsin if Roe is dismantled. Please sign the petition to #StrikeTheBan and protect abortion: ",Strongly believe abortion should be legal,2,
63,RT We are about to see Roe Vs Wade overturned and legal abortion become a thing of the past partly because of people who decided Hillary just hadnt earned their vote. And partly because too many people just couldnt be bothered voting at all.,Strongly believe abortion should be legal,2,
64,They wouldnt need security if not for the circumstances of his birth which is not something he can control. They should absolutely get it.,Neutral to abortion rights/restrictions,0,
65,"Following Texas abortion ban, Ohios reproductive rights organizations are keeping a watchful eye on state legislation. ",Neutral to abortion rights/restrictions,0,
66,"So Im really glad that you support abortion, and no mask mandates! I love to see a man fighting for womens rights!",Strongly believe abortion should be legal,2,
67,Pro-life and providing disability awareness? You're the man,Strongly believe abortion should be illegal,-2,
68,"Like, even with my close friends, every single intimate detail I know about them- dating, fertility issues, birth control, etc- is stuff that they told me unprompted. And part of the reason is that I don't want to be one of THOSE people, who I just don't understand at all.",Neutral to abortion rights/restrictions,0,
69,"RT With the filibuster in place, its wishful thinking. It's voting rights or the filibuster. It's clim",irrelevant or no opinion on abortion,99,
70,but i also took my first birth control pill like an hour ago could that be the cause? ,Strongly believe abortion should be legal,2,
71,"I'll pick up on the point then. The goal is to make abortion unthinkable. We'd prefer women to not even attempt illegal abortions. However, in the year Roe was decided there were fewer than 100 deaths of mothers in abortions, and more were from legal than illegal.",Strongly believe abortion should be illegal,-2,
72,"You do not think there is an actual difference on, say, the issue of abortion rights between the party that nominates Sonia Sotomayor and the party that nominates Amy Barrett?",Neutral to abortion rights/restrictions,0,
73,"RT Abortion rights led to womens advancements across society & the economy. The data is the data, says Yet in Justice Alitos draft opinion, the justices did not even consider or acknowledge the data about how this will affect women. #Velshi ",Strongly believe abortion should be legal,2,1525940374853804032
74,"RT Repro workers have been very clear about whats needed in this moment! Donate to abortion + practical support funds. Sign up to volunteer with your local clinic or fundif it takes them a bit to get back to you, stay steady, stay patient Follow the folks whove been leading! ",Strongly believe abortion should be legal,2,1542278486936924160
75,"RT Court On A Hot Tin Roof: Airing Out ""The Stench"" From The Oral Argument Over Abortion ",Neutral to abortion rights/restrictions,0,1467654870266044423
77,RT The memes will write themselves with this one... Michelle Obama Worries About Post-Roe Healthcare for 'Womxn' ,Slightly believe abortion should be legal,1,1526636912202612736
78,"Always put on a condom, reproductive rights are fundamental and women are entitled to their freedom",Strongly believe abortion should be legal,2,1501144511413735432
79,I'm Aussie but feel your's and their pain. Texas is not somewhere I would wish ever to visit ATM. Draconian is my vision... but I wish all people health and reproductive rights. If only male government felt the same... (fuckers). Oops ,Strongly believe abortion should be legal,2,1489165575528271873
80,"RT You are misinformed if you think that abortion is easy, efficient and non traumatic at any time whatever the circumstances. Educate yourself in the trauma that women feel for many many years after an abortion ",Strongly believe abortion should be legal,2,1492638723682586628
81,"""choice"" and ""women's bodies"" are bywords for pro abortion murderers. Don't backpedal now.",Strongly believe abortion should be illegal,-2,1514968198055088134
82,"Abortions are no different than having a tumor or growth removed. It is not viable life before 20 weeks, and that is a medical fact. Abortion has its place in heathcare & is performed for many different reasons including fetal viability, domestic violence, rape incest, infections",Strongly believe abortion should be legal,2,1484425976616525824
83,This isnt the 18th century. People have sex for pleasure not for reproduction. Abortion is healthcare! ,Strongly believe abortion should be legal,2,1520032507789512704
84,"Actually the hypocrisy really just goes one way on this. When pro-choice people get pregnant and they want to keep it.they don't suddenly become anti-choice. But when so-called pro-life people get pregnant and they don't want it, they absolutely go for a secret abortion",Slightly believe abortion should be legal,1,1471485953730617345
85,"RT Oklahoma basically just completely banned and criminalised abortion, with no exception for rape or incest. As usual with the in the last six years, the cruelty is the point. And disrespect for the law, and women. ",Strongly believe abortion should be legal,2,1514358672754937859
86,RT Its been discovered that yet another person tasked with reviewing Irelands abortion laws - this time the chair of the process - tweeted support for repeal around the time of the 8th amendment. #gript ,Neutral to abortion rights/restrictions,0,1488591597071736838
87,"RT Yesterday, Senate Democrats took to the steps of the U.S. Capitol to express their outrage about Roe v. Wades uncertain future. We will fight back with everything we have to elect leaders at every level of government who will protect our fundamental rights. ",Strongly believe abortion should be legal,2,1521992072596791297
88,"RT Since young religious women people are more likely to fail with contraception- this will hurt them the most. Expect more child marriages, and illness from backyard abortion. ",Strongly believe abortion should be legal,2,1519737308232093696
89,"RT Well abortion is still legal, so its not just my opinion",Slightly believe abortion should be legal,1,1484960557207900165
90,"Need to rid these money sucking gynos. Theyll its normal, birth control will help you until you need to get something removed. ",Neutral to abortion rights/restrictions,0,1506254182986268682
91,"So what you're saying is you think a person is going to voluntarily remain pregnant for 9 months. Put themselves and their health at risk, for an unwanted pregnancy when abortion is legal and 14 times safer than continuing a pregnancy and giving birth? /1",Strongly believe abortion should be legal,2,1502294786304143363
92,Sen. Joni Albrecht says there will definitely be an attempt to pull her bill out of committee - its so-called trigger bill that would ban abortion in #Nebraska if U.S. Supreme Court overturns Roe v. Wade. Pull motion takes 25 votes in 49-member #NELeg.,Strongly believe abortion should be illegal,-2,1503806901745762318
93,"I guess you never saw the ""shout your abortion"" posts.",Neutral to abortion rights/restrictions,0,1484976198350422020
94,It is my business. Like you I once didnt care. Till I found out a child (my daughter possibly) could go to the school and they would take her to a abortion clinic. Not telling the parents or caring if they conceited. Now a medical procedure is being performed on my child.,Slightly believe abortion should be illegal,-1,1499568918628818952
95,Cool. So abortion rights =\= reproduction rights. Glad we on the same page.,Neutral to abortion rights/restrictions,0,1488180200173027330
96,That is why I support all the young horny people having anal sex. No abortion needed and bowels always work good. Don't forget your condoms guys or you will end up with a disease and a shi77y d7ck Power to the a77 Save a child ,Slightly believe abortion should be illegal,-1,1487400136787509248
97,"Typical troll. Nothing substantive. Typical leftist: *Actually* cares about justice & actual lives - even if they don't happen to be white, not virtue signaling at abortion clinics for political control or cheering murderers.",Neutral to abortion rights/restrictions,0,1473339256391323657
98,Please don't try to label me or anyone else. Other than being pro-life you know nothing about what I do or don't do.,Strongly believe abortion should be illegal,-2,1519129527967965185
99,Thats certainly a twist. Nobody wants to think of themselves as pro abortion. We just want our government to equally let people make decisions with the help of their doctors.,Strongly believe abortion should be legal,2,1482372374792126471
100,"So because you dont think its a form of birth control, then you are ok with the fact that women who need it for medical necessity are also barred from having access to healthcarebecause cutting it off does that for ALL women.",Strongly believe abortion should be legal,2,1434292520398344194
101,"If 21 is the legal drinking age because we think we can arbitrarily use that age to represent adulthood and maturity, then it should apply to purchasing Firearms, Joining the Military, Having an Abortion, having sex etc. Let us be consistent!",Slightly believe abortion should be illegal,-1,1525937343278071808
102,"RT Photos: Protests Against the Overturning of Roe - 30 images from Friday and Saturday, showing people voicing their anger in cities and towns across the U.S., over the Supreme Court's decision that removes the federal right to an abortion. ",Strongly believe abortion should be legal,2,1541198883073806336
103,"Im not a clown man. We disagree. Im libertarian on almost all my thoughts, except abortion. Im fervently pro-life and Im not going to apologize for that. I dont find it acceptable for a pregnant woman to do meth. Sorry.",Strongly believe abortion should be illegal,-2,1471954455776141323
104,"Oddly enough, ""audio-visual abortion"" was my nickname growing up.",Neutral to abortion rights/restrictions,0,1435735997367607296
105,Agreed. Most of the arguments I hear for common use abortion all revolve around the fact that the mother doesnt want to be inconvenienced and only thinks about how her decision will affect her,Neutral to abortion rights/restrictions,0,1512878627205042182
106,"We hear from women who terminate unplanned pregnancies, looking 4 support 4 unexpected feelings which include grief. We believe that every pregnancy matters, planned or unplanned, and everyone is entitled to access the right support for their journey. [ #BLAW2022 ]",Strongly believe abortion should be legal,2,1449142512816361472
107,"RT Hi, please find the unroll here: 1) Those judging the Tx Abortion Law should consult Scalias justly https:/",Neutral to abortion rights/restrictions,0,1454837342422851591
108,RT PICCK has created a flyer to help patients think if they want to talk to you about birth control during their visit. Post this in your clinic so they can begin thinking about this question that will guide their contraceptive counseling session. ,Strongly believe abortion should be legal,2,1484247030017019905
109,RT If you are a pro-choice Catholic you should read this blog very well-informed and accurate. We need to stop letting conservative Catholics take our church Away from us it is time to push back ,Strongly believe abortion should be legal,2,1533223384099659776
110,RT Here are 3 reasons why the right to abortion doesnt exist. ,Strongly believe abortion should be illegal,-2,1522722474382831617
111,"RT Father God, we pray, save the unborn today and we pray end abortion in America in our generation! Arise Lord and save the",Strongly believe abortion should be illegal,-2,1446196350513827845
112,"RT On #InternationalSafeAbortionDay please consider donating to your local abortion fund, which can be found here. https:",Strongly believe abortion should be legal,2,1442933065228058626
113,RT I was considered a liberal 12 years ago because I believe that abortion should be allowed in certain cases that I believe gay people should be able to get married without ridicule but now because I won't say men can be women and men can have babies I'm considered a right-wing,Slightly believe abortion should be legal,1,1520566721241055233
114,RT Amanda stoker gone too - the assistant minister for women who thought it was appropriate to attend an anti-abortion rally ,Neutral to abortion rights/restrictions,0,1528491875459403776
115,"RT No sooner did Amy get into her car after taking the 1st part of the 2-dose chemical abortion regimen, did she have immed",Neutral to abortion rights/restrictions,0,1461734796900675584
116,Disparage much? People rightly accept abortion because we love woman and agree they know what's best for their lives.,Strongly believe abortion should be legal,2,1502430212998455296
117,"""I cheated on my partner again and got pregnant, this will be my 3rd abortion so my partner doesn't find out I'm cheating on him. I can always get pregnant again."" Quoted from a young military wife. I over heard her talking to her friend in a fast food bathroom today.",Neutral to abortion rights/restrictions,0,1444899905110171649
118,"RT Bidens track record: Bike ride tumble, staircase stumble Stocks in bear market 40-yr-high inflation Record high gas prices, $5+ Prosecution of political opponents Record high border invasion 23 pro-life orgs firebombed Schools unsecured",Neutral to abortion rights/restrictions,0,1538960096780177408
119,"RT Kinda weird that abortion is considered murder, but a cop killing a minority is just a misunderstanding.",Strongly believe abortion should be legal,2,1447262758601363461
120,RT Anyone surprised by this has been asleep. Much of the push to overturn campaign spending limits was driven by anti-abortion activists intent on imposing fringe views on the majority- through elections and the courts.,Strongly believe abortion should be legal,2,1521995097126047744
121,RT Hillary Clinton: Todays Supreme Court opinion will live in infamy as a step backward for womens rights and human rights. ,Strongly believe abortion should be legal,2,1540843149609893889
122,"1. count the # of his name 2. Jewish/not a believer 3. atheist 4. stout 5. pro-choice (does not regard the desire of women) 6. comes in peace 7. worldwide acclaim 8. uses the words ""citizen of the world"" ""leader of the world"" and ""leader of peace""",Neutral to abortion rights/restrictions,0,1505678176747495429
123,"Abortion no, rape yes for the simple fact they can experience rape as well ",Neutral to abortion rights/restrictions,0,1446392557135486980
124,"Feminism has managed to smuggle abortion, one of the most aberrant, cruel and inhuman acts against a defenseless and without rights: the human embryo. Opening the debate: genocide of the gestated ",Strongly believe abortion should be illegal,-2,1468005271133990916
125,"You mean like the freedom of women being able to have access to abortion?? That kinda ""more freedom"" Rafael???",Strongly believe abortion should be legal,2,1474947480378691589
126,"Does the vaccine stop COVID? No, it doesn't. Therefore, it's a personal medical decision. It's equivalent to abortion.",Strongly believe abortion should be legal,2,1455262780215500810
127,Abortion is not banned in Texas. So you're good with McAuliffe telling a bold faced lie that has been proven a lie because it could happen?,Slightly believe abortion should be legal,1,1450506614449086469
128,Instead of all u boost nuts debating on vax&unvax having =accessabilities u would rather follow govt lies that unvaxed r the problem instead of standing for all r rights to decide whatever life choices any of us make that's why abortion rights have been violated so long 0 unity,Strongly believe abortion should be legal,2,1487331063613513730
129,"RT According to a poll, the abortion debate is motivating voters in 2022 ",Neutral to abortion rights/restrictions,0,1445220683735343108
130,"RT When you think about it, it's not at all strange. They've never believed in ""my body, my choice"". It's always been, ""their body, my choice."" It's not the woman who ends up dead in an abortion. Someone else does. In both cases, it's them, asserting power over someone else's body. ",Strongly believe abortion should be legal,2,1481744935674167297
131,RT On #HumanRightsDay which marks the end of the #16days our GS reflects on how to achieve gender justice for all. Read it here: https://t.co/SGY6nCeesb #GBV has many forms. We need to put an end to all of them. Take action: https://t.co/Ityl5Apl70 #TheRoad2Equality,Strongly believe abortion should be legal,2,1469365767732961287
132,How about teaching women about birth control? Its not that difficult ,Strongly believe abortion should be legal,2,1538592466466504704
133,"""lied to about many things"" blanket statement with zero eveidance. What have we been lied to about abortion? Why do you have to get off topic? ""Most GOP""",Neutral to abortion rights/restrictions,0,1514984166282219527
134,RT The Democrat abortion leak & protests is a COMMUNIST move! Never fall for it! SAVE FREEDOM bring on the red wave!!! ,Strongly believe abortion should be illegal,-2,1523437333647073280
135,"RT The complete insanity of #GQP. Ladies and gentlemen, I give you resurgence of polio, smallpox,diphtheria, Rubella, an",irrelevant or no opinion on abortion,99,1447713292911366147
136,RT It's voting rights or the filibuster. It's climate action or the filibuster. It's racial justice or t,irrelevant or no opinion on abortion,99,1453449477860179977
137,"You hit problem. Americans are divided in a dozen ways when abortion should be restricted, not to mention how/why. And after that, you say 2 months, but if a woman doesnt know for possibly 6 weeks, confirm later, then deal with physical/personal/professional perils of pregnancy,",Slightly believe abortion should be illegal,-1,1485152075268845568
138,"It's horrible! Sad! I'm a ex newyorker, we would watch news stories of people being busted for back alley abortion clinics, in basements.. peoples apts! Scary crazy stuff!",Slightly believe abortion should be illegal,-1,1456319286113300480
139,RT who wants to hang when the album drops? *must be on birth control* ,Slightly believe abortion should be legal,1,1479169773007261696
140,"RT Biden heads to Europe, his party ravaged by SCOTUS abortion/ gun decisions/Initial triumphalism about Ukraine gives way to daunting reality:Slow/slog war of attrition. Biden should stay here,rally country,speak in or to every state, and this time lead vs homegrown autocrats.",Neutral to abortion rights/restrictions,0,1540482188583378950
141,"Nope- Wisconsin had a 170 year old abortion ban go into place. That means treating the cancer could kill the baby- so baby before mom. Doesnt matter if mom has other kids- they dont care, because they dont think ahead. IVF & PICSI is off the table now because those are PEOPLE.",Slightly believe abortion should be illegal,-1,1540482358729662471
142,"Whats wrong with executing a convicted killer? Execution, after all, its just another procedure, like abortion, right?",Neutral to abortion rights/restrictions,0,1535591446820036613
143,"I honestly just see a lot of scared people in this thread. It seems like the old Cons think young kids are going to vote Liberal or NDP. topics like abortion, climate change, LGBTQ rights are on young ppls minds. People like Pierre Poilievre are ruining the Fed Cons. Fact",Neutral to abortion rights/restrictions,0,1470615396801826816
144,You can think abortion is horrible and not agree with it and not be a horrible person. You can also be pro choice and not be a horrible person. Too many insults and hatred are thrown around because of differing opinions these days.,Neutral to abortion rights/restrictions,0,1514298735072890881
145,"Unions mean higher wages. If your a social conservative that means one person can stay at home. It means less poverty so you'll see less crime, lower divorce rates because of the stress money problems create, less abortion because people can afford kids.",Neutral to abortion rights/restrictions,0,1468683111689072644
146,"5th Circuit did NOT uphold the Texas abortion ban. It simply ruled that the DOJ has no standing to sue Texas, which is correct. Maybe the DOJ can file criminal charges against Texas lawmakers for treason. Read my column to understand why: ",Neutral to abortion rights/restrictions,0,1448849865723817986
147,"RT Mississippi asked the Supreme Court to overturn #RoeVWade, and if they succeed, millions of Americans across the country could be denied their constitutional right to abortion. We need to pass the Women's Health Protection Act to defend our reproductive freedom. ",Strongly believe abortion should be legal,2,1466156576553586694
148,"Nice opinion but not what the Court said in - MADSEN v. WOMEN'S HEALTH CTR., INC.(1994). Stand on the sidewalk and yell at abortion clinic staffers at home. The Court said that was allowed...",Neutral to abortion rights/restrictions,0,1534585526866550785
149,RT If in Canada today you think abortion is a debating point or joining revellers in a Pride event is against your personal values as a Political leader of a modern nation don't run for political office... ,Strongly believe abortion should be legal,2,1503225250720280580
150,Ok so most states have a 25 week law. Whats the difference? A heart beat is still present. I believe that a heart beat determines life. Im not totally against abortion if the mother is in a life or death situation or significant medical issues develop,Slightly believe abortion should be illegal,-1,1506738534450966529
151,RT i am pro-abortion. i would like to increase the number of abortions to the exact point that everyone who wants one can get it quickly and safely.,Strongly believe abortion should be legal,2,1513639156823388161
152,"There are many tests/procedures specific to Women, that isnt necessarily abortion. besides I was just thinking aloud.",Neutral to abortion rights/restrictions,0,1524165096661868544
153,This is disgusting as no law has ended abortion completely only limited it BACK to where it started to begin with. This folks is how Hitler took over by brainwashing the babies born until they became 18 yrs old and older. Society has always been sick.,Strongly believe abortion should be legal,2,1454150812607913984
154,"RT Great News! Abortionists in Texas wave the white flag of surrender, acknowledging that their suit to challenge the Texas Heartbeat Act has failed. The ban on abortions after heartbeat detected will stand and keep saving lives. #ProLifeVictory #ProLife ",Slightly believe abortion should be illegal,-1,1506048773973282829
155,"YOU ARE THE LIAR RAND PAUL- Replying to @Men_4_Choice THERE MUST A JOURNALIST WHO CAN WRITE AN ARTICLE SHOWING WHAT HAPPENS TO A NATION WHEN ABORTION IS BANNED! FILTHY, OVER CROWDED ORPHANAGES AND THOUSANDS OF WOMEN DEAD FROM BACK ALLEY ABORTIONS, AND DUMPSTER-DEAD FETUSES.",Strongly believe abortion should be legal,2,1456320854577623042
156,"RT The tweet makes it seem like Neil Gorsuch is giving a speech entitled ""The End of Roe v. Wade"" that the press is banned from. A simple reading of the website shows that is not the casebut you didn't link to the agenda. ",Neutral to abortion rights/restrictions,0,1488934809103581186
157,"Okay, here goes. When the woman who is my wife and I were young, we got pregnant (we've always been in this life together). Not ready for a baby, had a lot of growing up to do. At the time we thought an abortion would be best. Later we regretted it, and we both carried pain and",Slightly believe abortion should be legal,1,1518412379301859329
158,"RT To all female voters in California... Family, friends, etc... If you don't want men telling you wha",irrelevant or no opinion on abortion,99,1434666462128476160
159,Abortion is a separate medical procedure. Stillbirth of any kind is not considered abortion and not an argument of pro-lifers,Neutral to abortion rights/restrictions,0,1541925460044414977
160,An important thread to read. Thank you for your bravery in sharing your very personal story. The entire argument against reproductive rights is based in theology and is a violation of every American's First Amendment rights. ,Strongly believe abortion should be legal,2,1466507836209381381
161,RT Why I dont get vaxxed: Practical: I already had COVID and have natural immunity. Medical: Its a new type of vaccine and Im not confident in its safety. Ethical: There must be a grave reason to even remotely cooperate in the evil of abortion. Three strikes and youre out.,Strongly believe abortion should be illegal,-2,1458146450286596097
162,RT I challenge anyone to name one thing tfg & republicans have done to improve America or to solve any of Americas problems. Banning abortion doesnt make it go away. Banning books doesnt stop people from finding out the truth. Punishing transgender people does not change them!,Strongly believe abortion should be legal,2,1496653007097896963
163,"RT Town hall at Duke was great. Had about 150 students join us. A broad discussion: racial wealth gap, corporate PACs, rep",irrelevant or no opinion on abortion,99,1458811886858907648
164,RT to on this #InternationalWomensDay Join in the streets. We REFUSE to Let the U.S. Supreme Court Deny Womens Humanity and Decimate Their Rights! ABORTION ON DEMAND AND WITHOUT APOLOGY! ,Strongly believe abortion should be legal,2,1501328451567038466
165,Because fairness is privilege of our lifetime -> We wrote the rules a long time ago But no one enforced the humane rules -> the seemed to throw their full weight behind selective Jim Crowe laws like that of Abortion. Do you know who they were forcing to have Babies. BLK Slaves.,Strongly believe abortion should be legal,2,1443737682287513603
166,By supporting abortion you've outed yourself as a literal racist white woman who wants to see people of color (and poor Whites) be killed. YOU ARE A RACIST PURE AND SIMPLE,Strongly believe abortion should be illegal,-2,1528476892621262848
167,"RT The Catholic Church explains that the choice to seek an abortion must always be protected. However, they do not see how the order sought here will impact. #safeabortionsavelives #womensrights #sexualandreproductiverights",Slightly believe abortion should be legal,1,1456191665438396418
168,All science proves is a zygote is created at fertilization and development begins. Science makes no prohibition on abortion.,Neutral to abortion rights/restrictions,0,1463930898286616589
169,"RT After 48 years, do I ever get tired of praying at abortion centers? Not really, because what I do on the left brings forward what we see on the right! #StantonBaby #ProLife #Pray ",Strongly believe abortion should be illegal,-2,1450543848506068992
170,If what is how it's going to be? The church following their super well documented stance on abortion? Were you not clear about the church's stance on abortion? The only issue is here is how freaking long the church took to stand up to Pelosi's BS about being a devout catholic ,Strongly believe abortion should be illegal,-2,1528411892502372352
171,"RT WATCH: As the FL Senate prepares to vote on the strictest abortion ban in FL history, Floridians across the state are seeing this ad with a simple message: Stop Attacking Our Rights #BansOffOurBodiesFL ",Strongly believe abortion should be legal,2,1499469849122197506
172,"RT Gavin Newsom says he'll use Texas abortion law tactics to go after assault rifle, ghost gun makers by ht",Neutral to abortion rights/restrictions,0,1470005831139684352
173,RT Pro-Abortion Protesters Mob Catholic Pro-Life Procession ,Neutral to abortion rights/restrictions,0,1533370650919837696
174,"She's a lying liar who lies. She ran on reproductive rights and pulled that football right out from her constituents, voted for Kavanaugh and effectively helped kill R v W. I have no use for her, and wouldn't waste a nanosecond believing her.",Strongly believe abortion should be legal,2,1466507764323307524
175,"This is beyond disgusting. The more extreme the left becomes with such foul rhetoric, the probability of more states making abortion more restrictive or illegal increases. They are immoral and stupid ",Slightly believe abortion should be illegal,-1,1523423025705545728
176,RT Texas is setting up the framework to impose a similar law to the abortion ban for same sex marriages,Neutral to abortion rights/restrictions,0,1452358565205889024
177,"RT In an abortion ban law critical to women's health timing, the SC decides not to rule for months? What might we expect for a decision that is not critical? The J6th committee is screwed unless they use #InherentContempt",Slightly believe abortion should be legal,1,1458996444745154561
178,"First, abortion has existed in all history, not just in our time. Second, abortion is obviously healthcare for the person who is pregnant. And third, if ""so the mother can live as she chooses"" means ""have the right to control her own body,"" then yes, that's what it's about.",Strongly believe abortion should be legal,2,1471892453770899460
179,RT Texas Doctor Admits to Performing Abortion in Clear Challenge to Restrictive Law ,Neutral to abortion rights/restrictions,0,1439657028876709893
180,RT House votes to hold Steve Bannon in criminal contempt of Congress ,irrelevant or no opinion on abortion,99,1451313617194913795
181,RT GoDaddy is cutting off Texas Right to Lifes abortion whistleblowing website ,Strongly believe abortion should be legal,2,1434290873831870464
182,"They Like Socially liberal Republican Governors, I think a pro-life republican wouldn't get far in the northeast like the ones that do exist.",Neutral to abortion rights/restrictions,0,1539292347351060484
183,RT Wow....So anti abortion is about wanting more WHITE BABIES born to keep the WHITE RACE predominant. THAT IS SICK! (60%,Neutral to abortion rights/restrictions,0,1474045071741882372
184,"RT Black women experience disproportionately high rates of death related to pregnancy and or childbirth. This is due to racism and its barriers to quality care. For Black women, its more than abortion rights, its reproductive justice. #FreshWords",Slightly believe abortion should be legal,1,1528731363091697664
185,"NO! Absolutely not! The ONLY proper thing to do is make sure the kid knows how pregnancy occurs, how to avoid pregnancy (Abstinence, or Condoms & Birth Control), if pregnancy does occur there are 2 very good alternate options aside from being burdened with the resultant child...",Neutral to abortion rights/restrictions,0,1506302686974529536
186,Kruger has literally done nothing here other than describe the nature of abortion politics in the UK over the last 50 years,Neutral to abortion rights/restrictions,0,1541911196282064897
187,RT 2. ...when you can join CJ Roberts in a swing three-vote bloc that upholds MS's 15 week limit (with I believe an exception later for the life of the mother)? This cuts away at Roe and gives a victory to the pro-life movement...,Slightly believe abortion should be legal,1,1507350446431690754
188,The doctors were afraid to do so given the fine lines of current laws. It prohibits abortion to at risk pregnancies. This woman was told they have to wait until she goes into septic shock to react. Its not that complicated.,Neutral to abortion rights/restrictions,0,1457940227436204034
189,"Plus, it doesn't matter what you call it. I can have an abortion regardless. My body. My choice.",Strongly believe abortion should be legal,2,1489729043150761985
190,"same here. It's very hard to become a single mother, I wish she just miscarries (instead of showing abortion then can show this). #Anupamaa",Slightly believe abortion should be illegal,-1,1500044879174733824
191,A warning message from this man in the video about #abortion &ppl mocking #God at pride parades. But of course ppl will think this is judging but it is not. God cares for ppl but that doesn'tmean He isn't about His business and doesn't care that people is mocking Him and His Son. ,Strongly believe abortion should be illegal,-2,1481375006076682243
192,RT Working on a project in TN right now. A vendor tells me he could never live in NY (where I am from). I responded I could never live in a state that passes laws where a rapist's family can sue a woman who gets an abortion as a result of a rape perpetrated by their relative.,Slightly believe abortion should be legal,1,1506878780475858945
193,Well you can get an abortion up to 24 weeks but its rare. So your solution to abortion is to c section 12 week old fetus out into the world to die? dont be so dense,Slightly believe abortion should be illegal,-1,1530107939423408128
194,"RT So if Roe v. Wade is overturned, does that mean women could be allowed to choose to get hysterectomies or tubal ligations on their own accord, with no hassle from doctors?",Neutral to abortion rights/restrictions,0,1466557616637689857
195,This is the reason abortion is necessary and legal! #ProChoice #WomensRightsAreHumanRights,Strongly believe abortion should be legal,2,1486751987366436872
196,Vaccine mandates and mask mandates should only apply to men because women should have the right to control their own bodies. *See the hypocrisy here? [ps: Im pro-choice],Strongly believe abortion should be legal,2,1470606277126639619
197,"Legalization of abortion ingasita considering the high rate of teenage pregnancy and the number of girls labalahlekelw timphilo+nalaba barren cz of bazama black markets for abortion measures, fact's atsi abortion to developing countries it's a #need",Strongly believe abortion should be legal,2,1505605014059991045
198,Just a heads-up to anyone who might have tried challenging or engaging with wrongheaded post about abortion--she's not interested in anyone else's voice. ,Neutral to abortion rights/restrictions,0,1469418381845532672
199,RT Already seeing impacts on Georgia abortion providers even though the states law is still on pause. #gapol ,Neutral to abortion rights/restrictions,0,1541907926541008897
200,Why should anyone have kids if they don't have the means to provide for them? The bible thumping anti-abortion people don't give a crap about kids born to ignorant parents.,Strongly believe abortion should be legal,2,1482176439814348803
201,"RT This woman shall burn in hell for eternity for his sins against the unborn. When she breathes her last breath, Hell awaits.. Texas Abortion Provider Resumes Services After Judge Blocks Tough New Law via @Newsmax",Strongly believe abortion should be illegal,-2,1446336264593022976
202,Here's the beautiful thing: You can be against abortion but you do not have the right to control anyone's body but your own. You're going to have to love the living woman more than the potential. Pray for them. They are far and away more important.,Slightly believe abortion should be legal,1,1466507497628332041
203,RT .why are you funding anti-abortion politicians? Thats not ok! Please take a public stand to stop bankrolling anti-choice politicians. #PepsiHalftime #SuperBowlLVI ,Strongly believe abortion should be legal,2,1493009665063632897
204,"RT During the trial, a Jane Doe recalled walking in on R. Kelly sexually assaulting Aaliyah when the late singer was just 13 or 14 years old. Another Jane Doe testified that R. Kelly admitted to marrying Aaliyah so she could get an abortion. ",Neutral to abortion rights/restrictions,0,1441843708182269952
205,"He don't know anything about God. God is all about his children. You think abortion is fine to kill a baby. That's why you couldn't get communion, cause you believe in the Agenda, and NOT God. or the rights of the unborn.",Strongly believe abortion should be illegal,-2,1535959406583635974
206,"Well I suppose the lesson is, bring back Marxism, surrender all rights, handover all your income and wealth, TV isnt worth watching since all the news is fake, and just have sex. But make sure you use birth-control of abortion so the Global Warming people are happy.",Slightly believe abortion should be illegal,-1,1507517448785903617
207,"both of their fans are fucking weird treating this whole thing as a game, creating memes and shit like wtf abuse is a serious matter and some of yall are way too invested in these rich ass people meanwhile abortion might be illegal again this is what yall should be worry about ",Strongly believe abortion should be legal,2,1523074255553970177
208,its their body their choice unless its a woman they never met in their life picking out her birth control,Strongly believe abortion should be legal,2,1506613308551569420
209,"RT Ahhhh, interesting that it was a Republican, anti-abortion radical, Moscow Marge. I noticed that you ignore the war crimes on murdering Ukrainian citizens committed by your best pal Putin yesterday. God you're such scum #GOP #GOPRussianAssets #GOPLiesAboutEverything #MAGA #QAnon ",Strongly believe abortion should be legal,2,1511725607360634885
210,"The thing is, this has happened in other countries before and no one seemed to think about that before making the abortion laws.",Neutral to abortion rights/restrictions,0,1459809389024399363
211,Now? This is not new. This has never been about pro-life. This has always been about controlling women.,Neutral to abortion rights/restrictions,0,1496341902899412993
212,RT A really accessible and comprehensive brief by the folks at specifically on the safety of medication abortion (abortion with pills): ,Strongly believe abortion should be legal,2,1523066538991013888
213,RT Supreme Court will hear constitutional challenge to Texas abortion law on November 1st. - can federal government sue Texas,Neutral to abortion rights/restrictions,0,1451649260152369155
214,"RT Pro-Womens Reproductive Rights marches nationwide show how unpopular the Alito draft is, broadly speaking. Its not like hes broadening rights & freedoms but taking them away.",Neutral to abortion rights/restrictions,0,1525602547058233345
215,RT A Republican America: No voting No books No history No abortion No healthcare No POC No LBGTQ No taxing the rich No welfare White Guns Russian Subservient women This is why we must vote en masse. #BlueVoices #VoteBlueToSaveDemocracy,Strongly believe abortion should be legal,2,1505701585552297986
216,He forced abortion and even sterilization outside German race. He only wanted Germans not to abort for eugenics not orolife. It was already illegal. He only banned info,Neutral to abortion rights/restrictions,0,1487331464022835202
217,"Beto may have lost every other statewide election hes run in, but this time will be different His comprehensive platform of abortion teaching young children to be trans, open borders, and gun confiscation will surely win him a MASSIVE landslide victory in Texas. #BetoForTexas",Strongly believe abortion should be legal,2,1517315800947908622
218,"RT Biden admin is hoping US is distracted by raging inflation, rising crime, a crisis on our border, a baby formula shortage..decision by SCOTUS on abortion..so we wont notice their attempt to cede U.S. sovereignty in Geneva. Its time to raise a ruckus ",irrelevant or no opinion on abortion,99,1528154143566843911
219,"RT He has forgotten to mention the part about when a woman is forced to have a child b/c they have lost the right to control their own uterus so they have been forced to give birth to said child. Then thats just too bad, get over it. ",Strongly believe abortion should be legal,2,1486550797580218368
220,"Lefties couldnt Abolish school prayer Effectively legalize pornography Legalize abortion Legalize gay marriage Etc Through the democratic process, so they had the Court do it for them ",Strongly believe abortion should be illegal,-2,1540078821436710914
221,RT .its not illegal to get pregnant. Texas and some other states have made it illegal to get an abortion. Words mean things.,Neutral to abortion rights/restrictions,0,1449363809962012674
222,"RT heard someone say, ""we just don't know what's in the vaccine and we're careful about what we put into our bodies."" cool... what's in tylenol, motrin, robitussin, birth control, etc.? Tell me you twitter scientist.",irrelevant or no opinion on abortion,99,1448302329069903873
223,RT Abortion isn't always a difficult decision! There's no reason why someone should have to struggle before being deemed worthy of essential medical care!!!,Strongly believe abortion should be legal,2,1505295206207401989
224,"Idk I think shes genuinely pro-choice etc. not really any place for her. I think this is more of a maverick shtick. though she is opposed to raising taxes on the rich and corporations, thats inexplicable as a Democrat.",Neutral to abortion rights/restrictions,0,1446287211310329868
225,"Assassination Martyrdom, Slaughter of Innocence anything to create animus pitting one group against another |Race Sex | Abortion |2 Amendment Guns| Power | Greed | Natural Disasters| are SHOCK DOCTRINE Naomi Klein |",Neutral to abortion rights/restrictions,0,1533602774231011328
226,RT Time for the Senate to pass the Womens Health Protection Act. ,Strongly believe abortion should be legal,2,1447354834722557952
227,"Wrong. Science doesnt back abortion, any more than it backs nuclear war. Fetus is a human being. Medicine doesnt back abortion. And law said slaves were not persons either.",Neutral to abortion rights/restrictions,0,1532038301053599745
228,RT Critical effort by Tribe and Maddow to fight Texas Abortion Ban. SCOTUS decision of Cambridge Mass Li,Neutral to abortion rights/restrictions,0,1450505482347634691
229,RT Heres what the Roe v. Wade overturn means for YOUR dinero (especially Latinas) ,Neutral to abortion rights/restrictions,0,1540482951078477824
230,"RT Hi now is the time to ensure that no woman or girl, no matter where she lives, is denied her fundamental sexual and reproductive rights. Will you legislate and defend womens choices over their bodies and futures? #roevwade",Strongly believe abortion should be legal,2,1541901456873242626
231,"RT AT&T is anti-choice. They gave the most money for SB8, the Texas vigilante abortion ban. AT&T is a targeted company on Wednesdays for #NoHumpDay strikes and protests. AT&T believes women should not have control over their own bodies. AT&T helps subjugate us. #StrikeForChoice ",Strongly believe abortion should be legal,2,1478439640730378241
232,"Forcing a woman to carry an organism in her body for 9 months she does not consent to is punishment, yes. I absolutely consider that controlling and it should be addressed, especially if access to abortion was clear and easy.",Strongly believe abortion should be legal,2,1447656332429905921
233,"RT ""Safe abortion is health care. It saves lives."" WHO's blasted the Supreme Courts decision to end the constitutional right to abortion as a setback for the decades-long trend toward safer access ",Strongly believe abortion should be legal,2,1542270575384506368
234,"RT Thread. Infection derived immunity is to preventing infection as lactational amenorrhea is to birth control. Because when they stop working, you find out the worst possible way, at the worst possible time. ",Neutral to abortion rights/restrictions,0,1494411912951607300
235,"Don't like guns? Don't buy one! (That's the abortion argument, right?)",Neutral to abortion rights/restrictions,0,1529232694185537537
236,"RT Congratulations to Arkansas and Oklahoma, which have already passed over a dozen pro-life laws this year to protect babies from abortion.",Strongly believe abortion should be illegal,-2,1445788758586970115
237,"RT Dyers book Slavery, Abortion, and the Politics of Constitutional Meaning, compares slavery & abortion, arguing that Roe v. Wade denies personhood to fetuses the same way the Dred Scott v. Sandford denied personhood to Black people. ",Strongly believe abortion should be illegal,-2,1536695257387122688
238,Preborn has been around for decades. Abortion is still here.,Neutral to abortion rights/restrictions,0,1512143495271784455
239,RT ATTENTION : and join to talk about the effects of the SCOTUS draft opinion on Roe v. Wade and how it impacts the upcoming midterm elections. Watch tomorrow at 10AM ET. #SundayShow #MSNBC ,Neutral to abortion rights/restrictions,0,1525605782028443651
240,RT Time for you to read your bible. Religious #ProLife people are the ultimate moral hypocrites. Read the listed verses and their contexts https://t.co/GWAszNUz9S ,Strongly believe abortion should be legal,2,1503101832062595075
241,-Texas abstinence only education is WRONG! It's positively correlated with teenage pregnancy/abortion/std and birth rates -Teach COMPREHENSIVE Sex Ed that teaches abstinence AND ACCESS to every type of birth control to lower unwanted pregnancy/teen pregnancy/STD rates!,Strongly believe abortion should be legal,2,1447620028665196549
242,"Abortion is also used as a tool to cover up sexual abuse, as a way for perpetrators to 'rid of evidence'. Do you really want to be complicit to this cycle of violence?",Strongly believe abortion should be illegal,-2,1530353102380888065
243,"RT Insurrection, overturning Roe v. Wade, voter suppression, taking away LGBTQ rights. Republicans are destroying America, trying to make it in their hateful, racist, sexist, homophobic image. Do Americans need anymore reasons to vote in record numbers in November?",Strongly believe abortion should be legal,2,1521633533353148417
244,"RT Right now, the Supreme Court is considering the most important abortion case in a generation. Visit our NEW resource page to learn how you and your church can prepare for the ruling and continue to care for vulnerable women and children: ",Neutral to abortion rights/restrictions,0,1498748621109579781
245,Our dad&mom play ground homelands need fixen.Lovers have intimacy without causing a pregnancy or an abortion.Dads&moms natural prolifehomelands. Dont overpopulate your lover your friend. . https://t.co/7buoyY1RMk ,Slightly believe abortion should be legal,1,1482700161549746176
246,"By that logic, all but one firearm could be made unavailable and youd say it wasnt infringed. Lots of whining on your TL about abortion rights, but youre awfully proud of yourself when you trample rights you dont agree with ",Slightly believe abortion should be illegal,-1,1533364301272080384
247,RT Did you know that the rate of ER visits related to #chemicalabortion increased by 507% between 2002 and 2015? Yet the FDA recently ignored that data and relaxed safeguards on #abortionpills. Learn more about the dangers of chemical abortion in ,Strongly believe abortion should be illegal,-2,1499955814416756738
248,"RT Supposing himself a devout Catholic, [Joe Biden] knows full well that facilitation of abortion is a mortal sinyet he freely, knowingly, and willingly chooses to advance the slaughter of the innocent. ",Strongly believe abortion should be illegal,-2,1467514851144654848
249,It's actually hilarious that you think of Coffee as being someone who is on your side vs the police. I'm sure the black drug dealer with a long rap sheet is a principled conservative who is pro-life and supports limited government. ,Neutral to abortion rights/restrictions,0,1463150226747924486
250,"Anyone have any idea what the cut-off age is, when conservative Covid deniers toss their pro-life stance? ",Strongly believe abortion should be legal,2,1479885595669368833
251,"RT #SistersInLaw predicted this in our last episode. I predict when a suit agst abortion ban is filed on religious grounds bec it denies abortions that are allowed under Jewish tenets, SCOTUS will not accept it as it has Christian tenets. ",Slightly believe abortion should be legal,1,1522348665657987072
252,"RT Originalism, Inc is on trial this term, and I worry the babies will pay for it. ",irrelevant or no opinion on abortion,99,1455540102520872969
253,if it's that late of term the couple wasn't ever planning an abortion anyway so that's moot.,Slightly believe abortion should be illegal,-1,1526574637135454208
254,"RT Here's my take on this morning's discourse: If you are mad at the phrase ""pregnant people"" because you feel it excludes w",irrelevant or no opinion on abortion,99,1450506319836811264
255,"I believe in a woman right to choose. If you want to stop abortion. Make it a law that all men have to have a vasectomy, he can reverse it when he wants to procreate. It takes two to tango.",Strongly believe abortion should be legal,2,1532746370683006976
256,"That I had a spontaneous abortion? That it was only blood and clots that came out? Nope, not incorrect. Youre an ignorant child who knows nothing.",Neutral to abortion rights/restrictions,0,1515843951311216644
257,RT If youre pro 2A and against any gun control -you dont get to be anti-abortion.,Strongly believe abortion should be legal,2,1534520943950843905
258,"RT In a now-deleted tweet that led to doxxing effort, a New York Times writer urged abortion advocates to escalate their protest campaign against conservative Supreme Court justices From ",Neutral to abortion rights/restrictions,0,1527391651290923008
259,What do YOU call people who: - Want adults to have secret sex talks with 5-8yr olds - Want to restrict speech of political opposition - Want unfettered abortion up to birth - Want UA border protection but open borders here - Want to disarm the populace - Want due process limits,Strongly believe abortion should be illegal,-2,1524892415273750528
260,"RT Right-wing Supreme Court justices are on the verge of reversing Roe v. Wade. The time is NOW to protect abortion rights for all! Sign the petition to protect legal, safe, & accessible abortions as essential health care! #AbortionIsHealthcare! ",Strongly believe abortion should be legal,2,1521992427992612864
261,Dont ruin the only halfway decent argument Ive seen for abortion with your idiocy.,Slightly believe abortion should be legal,1,1466828354078842887
262,"RT Fort Worth came out for the Womens March and Rally for Abortion Justice. Now we do the real work, making sure we vote for real change! #WomensMarch2021 #KeepMarching ",Strongly believe abortion should be legal,2,1444414753712087048
263,"RT It's 2022 and we're *still* having to fend off Republican legislation based on this quack's ""research."" Unreal. ",irrelevant or no opinion on abortion,99,1508919702835322880
264,"I strongly believe they couldve HAD this shit out on the market already, but they need it to be perfect so the men dont get cranky. I wish women had a birth control that didnt cause us migraines or painful acne or weight fluctuation, etc.",Slightly believe abortion should be legal,1,1507746633240530950
265,Okay I think were beyond the dont have kids part. People have kids they cant afford all the time. Look out for the kids. Dont make them suffer because of their parents lack of resources. I bet youre pro-life too huh,Neutral to abortion rights/restrictions,0,1488241959567343619
266,A win for the anti-choice/pro-mandatory birth movement.,Strongly believe abortion should be legal,2,1539707087823020034
267,RT Hope your kid doesnt ever find your Twitter: Katie Hill saying her own pregnancy has made her even MORE pro-choice does NOT go over well via @twitchyteam,Neutral to abortion rights/restrictions,0,1466883732590182402
268,"RT Crime, including abortion, is the backbone of democrat / woke ideology.",Strongly believe abortion should be illegal,-2,1541570620873400321
269,Look at this it is disgusting. new law in Colorado that allows women to get an abortion up to the moment of birth and denies the rights of pre-born babies. They are sick,Strongly believe abortion should be illegal,-2,1511811761355247622
270,Is it only ladies that have done abortion that always have health issues or are they the only ones that have done extreme things? Im not encouraging it but Abeg,Slightly believe abortion should be illegal,-1,1479199723869376517
271,check out ... it's all about gas taxes. they're sincere desire is that nobody thinks about abortion when voting in November. I think that's going to be hard for them to pull off!,Neutral to abortion rights/restrictions,0,1541565188796825600
272,RT This pro-abortion activist thinks anyone can be a woman. She also thinks men can become pregnant & have abortions. The Democrats have become a clown show! ,Strongly believe abortion should be illegal,-2,1527020841237635073
